{
  "_format": "hh-sol-cache-2",
  "files": {
    "/Users/aditya/scSecurity/replayAttack/contracts/MultiSigWallet.sol": {
      "lastModificationDate": 1659210942033,
      "contentHash": "4d8e4d7838645cc8804cbbbd5060e4dd",
      "sourceName": "contracts/MultiSigWallet.sol",
      "solcConfig": {
        "version": "0.8.9",
        "settings": {
          "optimizer": {
            "enabled": false,
            "runs": 200
          },
          "outputSelection": {
            "*": {
              "*": [
                "abi",
                "evm.bytecode",
                "evm.deployedBytecode",
                "evm.methodIdentifiers",
                "metadata"
              ],
              "": [
                "ast"
              ]
            }
          }
        }
      },
      "imports": [
        "@openzeppelin/contracts/utils/Address.sol"
      ],
      "versionPragmas": [
        "0.8.9"
      ],
      "artifacts": [
        "MultiSigWallet"
      ]
    },
    "/Users/aditya/scSecurity/replayAttack/node_modules/@openzeppelin/contracts/utils/Address.sol": {
      "lastModificationDate": 1658678992871,
      "contentHash": "c476b3895a94798b88a4bb97399e6dfe",
      "sourceName": "@openzeppelin/contracts/utils/Address.sol",
      "solcConfig": {
        "version": "0.8.9",
        "settings": {
          "optimizer": {
            "enabled": false,
            "runs": 200
          },
          "outputSelection": {
            "*": {
              "*": [
                "abi",
                "evm.bytecode",
                "evm.deployedBytecode",
                "evm.methodIdentifiers",
                "metadata"
              ],
              "": [
                "ast"
              ]
            }
          }
        }
      },
      "imports": [],
      "versionPragmas": [
        "^0.8.1"
      ],
      "artifacts": [
        "Address"
      ]
    },
    "/Users/aditya/scSecurity/replayAttack/contracts/MultiSigWalletV2.sol": {
      "lastModificationDate": 1659211013611,
      "contentHash": "1d3c59575314f791fa7ea2958a7a8346",
      "sourceName": "contracts/MultiSigWalletV2.sol",
      "solcConfig": {
        "version": "0.8.9",
        "settings": {
          "optimizer": {
            "enabled": false,
            "runs": 200
          },
          "outputSelection": {
            "*": {
              "*": [
                "abi",
                "evm.bytecode",
                "evm.deployedBytecode",
                "evm.methodIdentifiers",
                "metadata"
              ],
              "": [
                "ast"
              ]
            }
          }
        }
      },
      "imports": [
        "@openzeppelin/contracts/utils/Address.sol"
      ],
      "versionPragmas": [
        "0.8.9"
      ],
      "artifacts": [
        "MultiSigWalletV2"
      ]
    }
  }
}
