{
  "_format": "hh-sol-cache-2",
  "files": {
    "/Users/aditya/scSecurity/upgraydeability/contracts/Callee.sol": {
      "lastModificationDate": 1658344677641,
      "contentHash": "228fd3244ba48229c8ebac20b0448ac1",
      "sourceName": "contracts/Callee.sol",
      "solcConfig": {
        "version": "0.8.9",
        "settings": {
          "optimizer": {
            "enabled": false,
            "runs": 200
          },
          "outputSelection": {
            "*": {
              "*": [
                "abi",
                "evm.bytecode",
                "evm.deployedBytecode",
                "evm.methodIdentifiers",
                "metadata"
              ],
              "": [
                "ast"
              ]
            }
          }
        }
      },
      "imports": [],
      "versionPragmas": [
        "^0.8.9"
      ],
      "artifacts": [
        "Callee"
      ]
    },
    "/Users/aditya/scSecurity/upgraydeability/contracts/Caller.sol": {
      "lastModificationDate": 1658345211852,
      "contentHash": "9ea82fdf6e2a6ec2990d3a7efc4ef46f",
      "sourceName": "contracts/Caller.sol",
      "solcConfig": {
        "version": "0.8.9",
        "settings": {
          "optimizer": {
            "enabled": false,
            "runs": 200
          },
          "outputSelection": {
            "*": {
              "*": [
                "abi",
                "evm.bytecode",
                "evm.deployedBytecode",
                "evm.methodIdentifiers",
                "metadata"
              ],
              "": [
                "ast"
              ]
            }
          }
        }
      },
      "imports": [],
      "versionPragmas": [
        "^0.8.9"
      ],
      "artifacts": [
        "Caller"
      ]
    },
    "/Users/aditya/scSecurity/upgraydeability/contracts/LogicV1.sol": {
      "lastModificationDate": 1658414331671,
      "contentHash": "f5057eea5a9b90c472a10b6e2e999605",
      "sourceName": "contracts/LogicV1.sol",
      "solcConfig": {
        "version": "0.8.9",
        "settings": {
          "optimizer": {
            "enabled": false,
            "runs": 200
          },
          "outputSelection": {
            "*": {
              "*": [
                "abi",
                "evm.bytecode",
                "evm.deployedBytecode",
                "evm.methodIdentifiers",
                "metadata"
              ],
              "": [
                "ast"
              ]
            }
          }
        }
      },
      "imports": [],
      "versionPragmas": [
        "0.8.9"
      ],
      "artifacts": [
        "LogicV1"
      ]
    },
    "/Users/aditya/scSecurity/upgraydeability/contracts/Proxy.sol": {
      "lastModificationDate": 1658420901607,
      "contentHash": "2b6870d5392eeaac5f0197611af69373",
      "sourceName": "contracts/Proxy.sol",
      "solcConfig": {
        "version": "0.8.9",
        "settings": {
          "optimizer": {
            "enabled": false,
            "runs": 200
          },
          "outputSelection": {
            "*": {
              "*": [
                "abi",
                "evm.bytecode",
                "evm.deployedBytecode",
                "evm.methodIdentifiers",
                "metadata"
              ],
              "": [
                "ast"
              ]
            }
          }
        }
      },
      "imports": [],
      "versionPragmas": [
        "^0.8.9"
      ],
      "artifacts": [
        "Proxy"
      ]
    },
    "/Users/aditya/scSecurity/upgraydeability/contracts/LogicV2.sol": {
      "lastModificationDate": 1658421590495,
      "contentHash": "df6ff91513f6e1de1b506d730bea5389",
      "sourceName": "contracts/LogicV2.sol",
      "solcConfig": {
        "version": "0.8.9",
        "settings": {
          "optimizer": {
            "enabled": false,
            "runs": 200
          },
          "outputSelection": {
            "*": {
              "*": [
                "abi",
                "evm.bytecode",
                "evm.deployedBytecode",
                "evm.methodIdentifiers",
                "metadata"
              ],
              "": [
                "ast"
              ]
            }
          }
        }
      },
      "imports": [],
      "versionPragmas": [
        "0.8.9"
      ],
      "artifacts": [
        "LogicV2"
      ]
    }
  }
}
